iteration,z_norm,PSNR_obs,RelMSE_obs,PSNR_holdout,RelMSE_holdout,FA_MAE,MD_MAE,AD_MAE,RD_MAE,mean_abs_D_drift,mean_rel_D_drift,mean_lambda1,mean_lambda2,mean_lambda3,n_observed_vols,n_holdout_vols,subject,lambda_dis,lambda_z,sampling_ratio
0,0.0,-16.252616823616705,74.17037443600401,-10.830517741174376,29.644441735591176,0.17340725400929372,0.00033228888092181474,0.0004450402273260078,0.00034840263590245715,0.0,0.0,0.0009353858655411461,0.0007801224598863101,0.000718005236156766,63,45,106319,0.0,0.0,0.5
10,0.010289322584867477,-16.247244211468576,74.07867576382843,-10.833742393025425,29.666461011855866,0.17335832499452855,0.0003323646125254163,0.0004448958890250009,0.0003485209281790518,2.330460220237636e-06,0.002004840243861175,0.0009352228384970594,0.0007800761278784674,0.0007179935139666262,63,45,106319,0.0,0.0,0.5
50,0.03927743434906006,-15.908369458355613,68.51816680433194,-10.39235829232258,26.79953948032138,0.17364175408109497,0.0003328897132725326,0.0004455286290535846,0.00034913617629806176,1.6768600857721555e-05,0.013981672408005942,0.0009339766877681198,0.0007797442504871339,0.0007178603995279759,63,45,106319,0.0,0.0,0.5
100,0.06483528017997742,-15.611838454461429,63.99597124050508,-9.816053697955196,23.46912357931576,0.17416812813259544,0.0003334002287997384,0.0004477752278899869,0.0003492832976398973,3.143176548633394e-05,0.03195424680113858,0.0009347354273566375,0.0007798096807934618,0.0007175978682033422,63,45,106319,0.0,0.0,0.5
200,0.15110057592391968,-14.815520641381465,53.2746804286406,-6.895978884693172,11.980898542870614,0.17582296277486997,0.00033521793251098565,0.000453634045511847,0.000350600202752071,8.311858078266878e-05,0.15015033631678265,0.0009329449170965727,0.0007785034674700509,0.0007160210738297367,63,45,106319,0.0,0.0,0.5
500,0.28490304946899414,-9.855813990990296,17.003964445776013,-1.1997663296126684,3.2275140013421724,0.17834793947805586,0.0003381867573127896,0.0004636248459642407,0.00035230273738261686,0.00014692091389000172,0.43241295198787755,0.0009328959469671677,0.0007767605931855878,0.0007130210312566105,63,45,106319,0.0,0.0,0.5
1000,0.3446570634841919,-5.598309149673094,6.379691879649612,1.2451844096637696,1.8381166163409368,0.1795090219363382,0.0003402087340750815,0.00046762082194378964,0.0003541590206143344,0.00017192520470759996,0.5439163541726234,0.0009309876049755086,0.0007752827819611496,0.0007114341395562129,63,45,106319,0.0,0.0,0.5
0,0.0,-16.252616823616705,74.17037443600401,-10.830517741174376,29.644441735591176,0.17340725400929372,0.00033228888092181474,0.0004450402273260078,0.00034840263590245715,0.0,0.0,0.0009353858655411461,0.0007801224598863101,0.000718005236156766,63,45,106319,0.01,0.0,0.5
10,0.010289319790899754,-16.24724482639412,74.0786862527651,-10.833743132003432,29.666466059781886,0.17335832502998266,0.00033236461250112364,0.0004448958897855392,0.0003485209279290009,2.3304544418826636e-06,0.002004834307554806,0.0009352228400611796,0.0007800761286535365,0.0007179935142174637,63,45,106319,0.01,0.0,0.5
50,0.039277397096157074,-15.908368265357629,68.51814798253538,-10.39235821309677,26.799538991433,0.17364175613746174,0.00033288971366302023,0.000445528640162748,0.00034913617422669297,1.676856496735429e-05,0.01398165346569341,0.0009339767063737372,0.0007797442570758625,0.0007178604015791897,63,45,106319,0.01,0.0,0.5
100,0.06483518332242966,-15.611835049009851,63.99592105909485,-9.816050907373334,23.46910849911275,0.17416812657463818,0.0003334002253206929,0.00044777522016321364,0.00034928329521546653,3.143169344625626e-05,0.03195415911874286,0.0009347354359582124,0.0007798096861141706,0.0007175978731351086,63,45,106319,0.01,0.0,0.5
200,0.1511000543832779,-14.815520650216419,53.27468053701849,-6.896018655789222,11.981008260048323,0.17582294585544447,0.00033521794607931625,0.00045363392329017435,0.00035060025132667075,8.311831801732311e-05,0.15014811550678475,0.0009329447212627632,0.000778503424733455,0.0007160210795787716,63,45,106319,0.01,0.0,0.5
500,0.2849012613296509,-9.856271908525706,17.005757428263134,-1.2002569057056973,3.227878599720668,0.17834783370016905,0.00033818709223057717,0.0004636236697888096,0.0003523035637128138,0.00014692049686073654,0.4323630578965865,0.0009328926168635934,0.0007767595710966058,0.0007130206946116111,63,45,106319,0.01,0.0,0.5
1000,0.34466230869293213,-5.59832518666707,6.379715437689929,1.244369685793158,1.8384614740410037,0.17950871494103687,0.00034021130164978223,0.00046761556900281324,0.00035416418491560276,0.00017192985379343385,0.5436600965892827,0.0009309694044568207,0.000775276933555256,0.0007114319108797851,63,45,106319,0.01,0.0,0.5
0,0.0,-16.252616823616705,74.17037443600401,-10.830517741174376,29.644441735591176,0.17340725400929372,0.00033228888092181474,0.0004450402273260078,0.00034840263590245715,0.0,0.0,0.0009353858655411461,0.0007801224598863101,0.000718005236156766,63,45,106319,0.1,0.0,0.5
10,0.010289301164448261,-16.247242399703797,74.07864486011833,-10.83374142585698,29.666454405172384,0.1733583251733702,0.00033236461360282695,0.0004448958954089739,0.00034852092740829356,2.3304176257619515e-06,0.0020048017516154128,0.0009352228481381851,0.0007800761303024586,0.0007179935138056497,63,45,106319,0.1,0.0,0.5
50,0.039277128875255585,-15.908357730411335,68.51798177408382,-10.392340334537021,26.799428666252066,0.1736417709755652,0.00033288970804382594,0.0004455287359617303,0.0003491361397944262,1.676824488924095e-05,0.013981507927373522,0.0009339768445736656,0.0007797442940669833,0.0007178604031447773,63,45,106319,0.1,0.0,0.5
100,0.06483440101146698,-15.611841242908932,63.99601233001256,-9.816070834826084,23.469216186555986,0.1741681148822623,0.0003334002050207721,0.00044777518257495795,0.00034928327402244854,3.143110186010316e-05,0.03195345769693862,0.0009347354923680035,0.0007798097137119138,0.000717597893132816,63,45,106319,0.1,0.0,0.5
200,0.15109533071517944,-14.815533711505768,53.27484075942354,-6.896394575626808,11.982045365928881,0.1758227788194905,0.00033521802853398895,0.00045363282070284735,0.0003506006334361112,8.311588650880325e-05,0.15012833181958873,0.0009329429400060215,0.0007785029876734168,0.0007160210780851755,63,45,106319,0.1,0.0,0.5
500,0.284983366727829,-9.85434601639039,16.998217845076606,-1.2004477106358873,3.228020417935325,0.17834841400873605,0.0003381930373456376,0.00046361874739349465,0.0003523136314874639,0.00014695579482678264,0.43209001854080076,0.0009328597599235818,0.0007767482560248989,0.0007130153794815166,63,45,106319,0.1,0.0,0.5
1000,0.34461861848831177,-5.606341091457239,6.391501545341926,1.2354983298295643,1.8422207470894936,0.1795045097819642,0.0003402232484546223,0.00046757297677959826,0.000354193457036505,0.00017191357502541454,0.541756089494824,0.0009308537057601803,0.000775241631941481,0.0007114206093998795,63,45,106319,0.1,0.0,0.5
0,0.0,-24.211114565195476,349.36384172029904,-20.2717170914211,176.69717839682042,0.17439340322873245,0.00031255708485506154,0.0004417832094499269,0.00032630802206275763,0.0,0.0,0.000946077168327529,0.0007803006750012899,0.0007168438831373253,63,45,120717,0.0,0.0,0.5
10,0.018791137263178825,-24.216058126685084,349.7617479927173,-20.253298615681867,175.94939056962406,0.17464651358592645,0.00031275625955435037,0.00044271387022877843,0.00032636636362085757,9.230542174155557e-06,0.00790806415484147,0.0009464800339461163,0.0007805298076929888,0.0007169480586358878,63,45,120717,0.0,0.0,0.5
50,0.03149177134037018,-24.19323311465545,347.9283436160162,-20.233250920533443,175.13905312761958,0.17472617439728172,0.00031283977912068,0.00044261799312419277,0.000326546203773269,1.3903301294499872e-05,0.011448732177330938,0.0009459010990616715,0.0007804904274651946,0.0007170105148738904,63,45,120717,0.0,0.0,0.5
100,0.05547541752457619,-24.17165622168795,346.20403099305065,-20.168537696316772,172.5486933909758,0.174994996684426,0.000313041547903635,0.0004430073665173443,0.00032681008507940546,2.5673849867295963e-05,0.021274914498562114,0.000945118472506529,0.0007804416249956182,0.0007170700976440526,63,45,120717,0.0,0.0,0.5
200,0.1894976794719696,-23.109619057658136,271.0993047644523,-18.061737951548743,106.22621336641454,0.17726673854544805,0.0003146626668310732,0.00045159836528537307,0.0003273319800384729,9.397664584699673e-05,0.1646129396557972,0.0009472768654243446,0.0007805645225714166,0.0007158777643350026,63,45,120717,0.0,0.0,0.5
500,0.362137109041214,-12.613982309730623,24.18603789740906,-6.346141743109207,7.156028798571243,0.18087230031206084,0.0003188846385744363,0.0004648003401462938,0.000330356361698009,0.0001782203026564663,0.5337619769291764,0.0009475769099119545,0.0007779348032234799,0.0007113514535714928,63,45,120717,0.0,0.0,0.5
1000,0.5563938617706299,-4.486171602896174,3.7220624736745007,2.2145918481761115,0.9967786345623117,0.1861684055993489,0.0003297502887756089,0.00048095895318615156,0.000341648172204119,0.0002720558851778043,1.2258057911640783,0.0009411673908068471,0.0007725327964767942,0.0007048649202931191,63,45,120717,0.0,0.0,0.5
0,0.0,-24.211114565195476,349.36384172029904,-20.2717170914211,176.69717839682042,0.17439340322873245,0.00031255708485506154,0.0004417832094499269,0.00032630802206275763,0.0,0.0,0.000946077168327529,0.0007803006750012899,0.0007168438831373253,63,45,120717,0.01,0.0,0.5
10,0.018791090697050095,-24.216058168493127,349.7617513597539,-20.253298608383066,175.9493902739216,0.17464651298332387,0.00031275625826338125,0.0004427138628840218,0.0003263663643239748,9.23051738888143e-06,0.007908039600929416,0.0009464800316196617,0.0007805298094921929,0.0007169480617509551,63,45,120717,0.01,0.0,0.5
50,0.03149159625172615,-24.193234159898832,347.9284273540919,-20.233254424027372,175.13919441397772,0.17472616844917557,0.00031283977381632285,0.0004426179524306561,0.0003265462081335543,1.3903207727082352e-05,0.011448615505720048,0.00094590105522321,0.0007804904144646905,0.0007170105118688276,63,45,120717,0.01,0.0,0.5
100,0.055475011467933655,-24.17165254967742,346.2037382736259,-20.16854206696191,172.54886704031244,0.17499497890434995,0.00031304153767804755,0.00044300725934938543,0.00032681009921356946,2.5673658098554892e-05,0.021274583191846948,0.0009451183681411672,0.0007804415994394955,0.000717070096687373,63,45,120717,0.01,0.0,0.5
200,0.18949492275714874,-23.110008761357108,271.12363229944305,-18.062188488751477,106.23723384803411,0.17726666416374878,0.0003146626143231701,0.0004515977648800531,0.00032733207561422013,9.397519572647296e-05,0.16460364471727543,0.0009472761330592458,0.0007805643795206127,0.0007158778103696829,63,45,120717,0.01,0.0,0.5
500,0.3621346950531006,-12.614270583494553,24.18764335911155,-6.346512863659286,7.156640333584873,0.18087191247439569,0.00031888407368283687,0.00046479506070957105,0.00033035737123335215,0.0001782171540819972,0.533604446636421,0.0009475686298249395,0.000777932878476001,0.0007113512172347781,63,45,120717,0.01,0.0,0.5
1000,0.5563921332359314,-4.489645629383373,3.7250410325247687,2.2135986911365677,0.9970066068163578,0.18616696467946325,0.0003297482126872676,0.0004809353133862409,0.0003416538268380522,0.00027205010209366363,1.2246060181365335,0.0009411296601963557,0.0007725229929556725,0.0007048630231971449,63,45,120717,0.01,0.0,0.5
0,0.0,-24.211114565195476,349.36384172029904,-20.2717170914211,176.69717839682042,0.17439340322873245,0.00031255708485506154,0.0004417832094499269,0.00032630802206275763,0.0,0.0,0.000946077168327529,0.0007803006750012899,0.0007168438831373253,63,45,120717,0.1,0.0,0.5
10,0.01879066601395607,-24.21606047624455,349.76193721599384,-20.25330683362249,175.94972351030665,0.17464650487420422,0.00031275625599857236,0.00044271380734196006,0.000326366376415668,9.230280950399457e-06,0.007907802377331958,0.0009464799816869526,0.0007805297990851543,0.0007169480649726032,63,45,120717,0.1,0.0,0.5
50,0.031490013003349304,-24.1932313584705,347.92820292198877,-20.23327405818523,175.13998620814186,0.17472611725961343,0.0003128397291501774,0.000442617596134206,0.00032654624529808023,1.3902342260971834e-05,0.011447517409022905,0.0009459006967567632,0.0007804903368420448,0.0007170105205350043,63,45,120717,0.1,0.0,0.5
100,0.05547161027789116,-24.171627236147458,346.2017203771229,-20.168581031054146,172.55041512356257,0.17499483984282288,0.00031304141572809953,0.000443006279894376,0.0003268102062220122,2.567204828501796e-05,0.021271669830070592,0.0009451173446613328,0.0007804413882706856,0.0007170701299159529,63,45,120717,0.1,0.0,0.5
200,0.18979376554489136,-23.084205669517374,269.51755924735903,-18.03225475900729,105.50751183180024,0.17727098536397945,0.0003146645906980311,0.00045162306973566284,0.00032732848268309894,9.41002352589754e-05,0.16512283089321933,0.0009472947831242663,0.0007805654098403963,0.0007158715965581,63,45,120717,0.1,0.0,0.5
500,0.36241835355758667,-12.61033286277815,24.165722514454515,-6.339471303289131,7.145046107707527,0.1808745099790344,0.0003188880363599498,0.00046477789445090065,0.0003303706491027399,0.00017831015292065058,0.5332402529345022,0.0009475093187939732,0.0007779144160693825,0.0007113412364895222,63,45,120717,0.1,0.0,0.5
1000,0.5567853450775146,-4.494919434270308,3.7295672407024703,2.2153182681859533,0.9966119229362885,0.18616742443263765,0.0003297620883223018,0.00048072912113068214,0.0003417539591151882,0.0002722243975295119,1.213824848344722,0.0009407046428317619,0.0007724007623965779,0.0007048237709284731,63,45,120717,0.1,0.0,0.5
0,0.0,-28.06488409583863,194.55850276164765,-22.296576862951593,43.648029486668385,0.1747288505215207,0.0003093042149979242,0.0004208497547848601,0.0003233813504104159,0.0,0.0,0.0009244154929245337,0.0007805494383078752,0.0007191751748216606,63,45,121618,0.0,0.0,0.5
10,0.02154931239783764,-27.011250145827134,152.6464893011486,-21.389272433006393,35.41882903069067,0.1749775205360677,0.0003097216313082183,0.00042194665483154205,0.0003236360127911077,1.102163809318077e-05,0.010627309079713973,0.0009238628089290081,0.0007800454120655499,0.0007186283577572291,63,45,121618,0.0,0.0,0.5
50,0.06622643023729324,-25.079378212787432,97.83621148583536,-19.547603258621656,23.17753692274527,0.17565900983923036,0.00031072084262000595,0.0004248011852688175,0.0003241982566810216,3.687679589597514e-05,0.03980659988151456,0.000922692760481806,0.0007788198679118648,0.0007172468298867591,63,45,121618,0.0,0.0,0.5
100,0.10740555822849274,-24.091575626447103,77.93263643475501,-18.02156110036439,16.31034193325911,0.17636677797178943,0.00031178218547297046,0.00042796670477189227,0.000324753106341194,6.058460752771922e-05,0.08195621117243514,0.0009222686188934388,0.0007778173512624038,0.0007159407726910767,63,45,121618,0.0,0.0,0.5
200,0.16102224588394165,-22.751459186226896,57.241067512417075,-16.867137103464852,12.503185257242883,0.1772787672573243,0.0003132146398837748,0.00043217027760056006,0.000325489451344745,8.805405895529885e-05,0.1542172372964079,0.0009220052371844375,0.0007766155578111411,0.0007142206735340796,63,45,121618,0.0,0.0,0.5
500,0.24256299436092377,-20.864061052241777,37.06533341535096,-15.630349003798242,9.404633076020023,0.1789030917898726,0.00031637144881076733,0.0004387272512121667,0.0003279952995396926,0.00012819479294016504,0.29036887871570594,0.0009192052098044522,0.0007736179427218387,0.0007107990742967424,63,45,121618,0.0,0.0,0.5
1000,0.38905003666877747,-17.969307415008203,19.03235577215669,-11.797782130949734,3.8912144752750684,0.18242675401369657,0.0003266251955587424,0.0004521723128122682,0.0003381306244454894,0.00020399890681949072,0.5502452175746422,0.0009063386634109398,0.0007640475265950599,0.0007015992078708548,63,45,121618,0.0,0.0,0.5
0,0.0,-28.06488409583863,194.55850276164765,-22.296576862951593,43.648029486668385,0.1747288505215207,0.0003093042149979242,0.0004208497547848601,0.0003233813504104159,0.0,0.0,0.0009244154929245337,0.0007805494383078752,0.0007191751748216606,63,45,121618,0.01,0.0,0.5
10,0.02154930680990219,-27.01125033250099,152.64649586239,-21.38926991746727,35.41880851525053,0.17497752050732374,0.00030972163135868587,0.000421946653994096,0.00032363601311530157,1.1021631266149105e-05,0.010627301380303208,0.0009238628096788996,0.0007800454128790603,0.0007186283586948732,63,45,121618,0.01,0.0,0.5
50,0.06622631847858429,-25.07937842733311,97.83621631903907,-19.547601342449813,23.177526696473514,0.17565900646000449,0.00031072083949774644,0.0004248011635509835,0.0003241982582848976,3.687671826344245e-05,0.03980643445258117,0.0009226927338810602,0.0007788198585522784,0.0007172468259029333,63,45,121618,0.01,0.0,0.5
100,0.1074051782488823,-24.091577869803462,77.93267669101606,-18.02156636108103,16.310361690392288,0.17636677036795162,0.00031178218983917783,0.00042796665279426044,0.00032475312770818355,6.058440607951757e-05,0.08195544823856117,0.0009222685298120259,0.000777817320800874,0.0007159407628065006,63,45,121618,0.01,0.0,0.5
200,0.16102126240730286,-22.751447316882206,57.24091107178508,-16.867139374338546,12.503191795010016,0.17727874985266154,0.00031321467132753835,0.00043217015145141917,0.0003254895377344198,8.805375354555508e-05,0.15421446598826502,0.000922004841464921,0.0007766154015024554,0.0007142205922616403,63,45,121618,0.01,0.0,0.5
500,0.24255768954753876,-20.864051152873145,37.06524892821237,-15.630336022392616,9.404604964869787,0.17890300531191705,0.00031637177245883114,0.0004387264140260703,0.0003279959441602771,0.00012819331519879921,0.2903442066098087,0.0009192024238397656,0.0007736168551036589,0.0007107985281814451,63,45,121618,0.01,0.0,0.5
1000,0.3889787197113037,-17.969961829243243,19.03522386822986,-11.800098710036561,3.8932906496334265,0.1824259694434466,0.00032662959434987183,0.0004521634863658885,0.00033813898419343913,0.00020399411515629293,0.5499829879033078,0.000906308252940819,0.0007640355551809604,0.0007015929187223478,63,45,121618,0.01,0.0,0.5
0,0.0,-28.06488409583863,194.55850276164765,-22.296576862951593,43.648029486668385,0.1747288505215207,0.0003093042149979242,0.0004208497547848601,0.0003233813504104159,0.0,0.0,0.0009244154929245337,0.0007805494383078752,0.0007191751748216606,63,45,121618,0.1,0.0,0.5
10,0.021549250930547714,-27.011253964216273,152.6466235105336,-21.389274653361248,35.418847138769955,0.17497751967901662,0.0003097216310330189,0.00042194664816820024,0.00032363601468067457,1.1021597055944063e-05,0.0106272676474641,0.0009238627982076804,0.000780045408151952,0.0007186283561855726,63,45,121618,0.1,0.0,0.5
50,0.06622534245252609,-25.0794151084566,97.83704266098849,-19.547635688233033,23.177709994555453,0.1756589862811373,0.0003107208512346221,0.0004248010198670484,0.00032419831663041686,3.6876131980313496e-05,0.03980511885992993,0.000922692493765706,0.0007788197785326204,0.0007172467967164753,63,45,121618,0.1,0.0,0.5
100,0.10740160197019577,-24.091584047615676,77.93278754984676,-18.021598419131315,16.31048208803648,0.1763667110919141,0.0003117822166280346,0.0004279661828761029,0.0003247533101897071,6.058277121880583e-05,0.08194877798795801,0.0009222676851505279,0.0007778170388337895,0.0007159406642326228,63,45,121618,0.1,0.0,0.5
200,0.16106410324573517,-22.751202295005854,57.23768172386904,-16.866968295267,12.502699273828547,0.17727886436783635,0.00031321477233679307,0.00043217151783715127,0.00032548919193226076,8.806121985303158e-05,0.1542572082954984,0.0009220086114791512,0.0007766170644240273,0.0007142215015151744,63,45,121618,0.1,0.0,0.5
500,0.24260394275188446,-20.863404026594402,37.059726382872206,-15.629351451679764,9.40247312818097,0.17890310077027646,0.00031637379685093024,0.00043871869738354685,0.00032800138078335376,0.00012817739271625436,0.29009204890953083,0.000919174166752355,0.0007736062954195431,0.0007107938829991114,63,45,121618,0.1,0.0,0.5
1000,0.3836243450641632,-18.09297143402643,19.582085807218718,-11.984952150705869,4.0625822884946645,0.18224481832592335,0.0003257826433966378,0.00045164932717279036,0.00033714983419164926,0.00019981818923887193,0.5414264512502424,0.0009081185135881772,0.0007650401928807086,0.0007023784519016071,63,45,121618,0.1,0.0,0.5
0,0.0,-27.558568981992554,504.65425250212087,-23.318394741191945,170.5092175678996,0.1566807853915402,0.0003758220527910952,0.0004692771534623666,0.00038830204935810363,0.0,0.0,0.0009036691894403113,0.0007836907414517349,0.0007275344335784575,63,45,116726,0.0,0.0,0.5
10,0.020514335483312607,-27.50540876660283,498.5146386346892,-23.30132034356678,169.8401723035715,0.1565235765382567,0.00037541278545403877,0.00046866481006887996,0.000387935483301683,8.827495411477277e-06,0.01271642653335192,0.000904298510208271,0.0007838741984960532,0.0007276450034621278,63,45,116726,0.0,0.0,0.5
50,0.05959467962384224,-27.45714247387578,493.004957475552,-23.273975924323153,168.774169588386,0.15621658054410908,0.0003746510345524398,0.0004675069557345538,0.000387256378790454,2.7836119222337124e-05,0.1329009410047575,0.000905735681264311,0.0007842193665093239,0.0007277684232748487,63,45,116726,0.0,0.0,0.5
100,0.07748288661241531,-27.371970526579943,483.4305498322424,-23.251234918515067,167.89272547138665,0.15593924154442682,0.0003742438753278758,0.0004661213049727417,0.00038712153279453775,3.402700558389071e-05,0.39427213755320284,0.0009055303056807124,0.0007842821274771603,0.0007280368477944133,63,45,116726,0.0,0.0,0.5
200,0.1479019969701767,-27.30007062989372,475.49297172914777,-23.18929843925128,165.51533269409381,0.15529253077640856,0.000373555352534018,0.00046285445380394295,0.0003870880401596311,5.619349333689937e-05,2.117538529482244,0.0009042696435408948,0.0007840995186382226,0.0007284607564756282,63,45,116726,0.0,0.0,0.5
500,0.38931792974472046,-26.874796491998477,431.13838266523277,-23.199527609336698,165.9056392793902,0.1533635809193541,0.0003732319672408485,0.0004567996960277342,0.00038817774572125316,0.00012690585144858882,12.897270113454983,0.0009075275217629625,0.000783668839130369,0.0007277216936001362,63,45,116726,0.0,0.0,0.5
1000,0.5768490433692932,-26.681936574681067,412.4114330543906,-23.30050114659201,169.80813887006406,0.15284681772668932,0.00037372137057451366,0.0004554491740591562,0.00038941499303893383,0.00015316046314576943,15.49218957361138,0.0009060451535974633,0.0007818270838001874,0.0007262249636652964,63,45,116726,0.0,0.0,0.5
0,0.0,-27.558568981992554,504.65425250212087,-23.318394741191945,170.5092175678996,0.1566807853915402,0.0003758220527910952,0.0004692771534623666,0.00038830204935810363,0.0,0.0,0.0009036691894403113,0.0007836907414517349,0.0007275344335784575,63,45,116726,0.01,0.0,0.5
10,0.02051430754363537,-27.50541094328508,498.51488849009434,-23.301320774719187,169.84018916471206,0.156523578283535,0.0003754127884963726,0.00046866481564407966,0.00038793548613011647,8.827454727255559e-06,0.012716314753895777,0.0009042985065538804,0.0007838741977700798,0.0007276450033746794,63,45,116726,0.01,0.0,0.5
50,0.05959397554397583,-27.45714628702531,493.0053903390873,-23.273979374715598,168.77430367651635,0.1562165965467467,0.000374651054596539,0.0004675070123473919,0.00038725639193751163,2.7835588242311856e-05,0.13289067005469374,0.0009057356121043572,0.0007842193414174664,0.0007277684067545789,63,45,116726,0.01,0.0,0.5
100,0.07747898250818253,-27.37197896128011,483.43148873334917,-23.251234014687725,167.8926905305742,0.15593931594710625,0.0003742439649106641,0.0004661215759212752,0.00038712158523151384,3.402429109571112e-05,0.39416964048013875,0.0009055300562411619,0.0007842820412927838,0.0007280367880548574,63,45,116726,0.01,0.0,0.5
200,0.1478821188211441,-27.30014047633653,475.50061901943303,-23.189304749879938,165.51557320061727,0.1552928726479164,0.00037355570924598,0.0004628557283164248,0.00038708821301120856,5.618186326298125e-05,2.1161399994089183,0.0009042683287436069,0.0007840991275032494,0.0007284605445079129,63,45,116726,0.01,0.0,0.5
500,0.38931146264076233,-26.87478726436869,431.137466609118,-23.199516017746497,165.90519646749732,0.15336370624713264,0.0003732316208741018,0.0004567998798590357,0.000388177278084318,0.00012690168426662918,12.896470801852157,0.0009075259971194902,0.0007836681548177734,0.0007277212960862504,63,45,116726,0.01,0.0,0.5
1000,0.5761626958847046,-26.68149002864734,412.3690306684756,-23.298649221335314,169.7357444568303,0.15285520728342755,0.00037370899321113676,0.0004554643345254475,0.0003893958660424686,0.00015292989160849133,15.46116330470586,0.000905996625031511,0.0007818173100662992,0.0007262264669794643,63,45,116726,0.01,0.0,0.5
0,0.0,-27.558568981992554,504.65425250212087,-23.318394741191945,170.5092175678996,0.1566807853915402,0.0003758220527910952,0.0004692771534623666,0.00038830204935810363,0.0,0.0,0.0009036691894403113,0.0007836907414517349,0.0007275344335784575,63,45,116726,0.1,0.0,0.5
10,0.020514067262411118,-27.505411936273045,498.51500247250954,-23.3013186525228,169.8401061716824,0.15652358685773327,0.00037541280258127237,0.00046866484733739506,0.0003879354963913702,8.827182247811938e-06,0.012715472126385588,0.0009042984681602256,0.000783874178701023,0.0007276449879812886,63,45,116726,0.1,0.0,0.5
50,0.0595877505838871,-27.457159669281644,493.0069094775859,-23.273977110442722,168.77421568300176,0.1562167324636155,0.00037465124102089274,0.0004675075203406737,0.00038725651370226415,2.783089152821382e-05,0.1327995226360809,0.000905735063821657,0.0007842191338305121,0.0007277682646176912,63,45,116726,0.1,0.0,0.5
100,0.07744419574737549,-27.372050570284806,483.43945989913476,-23.251219623321898,167.89213417970484,0.1559399798190772,0.00037424473726984964,0.0004661239939873385,0.00038712202485492866,3.399995404600931e-05,0.39325633464284226,0.0009055276880519385,0.0007842811844704691,0.0007280361990352289,63,45,116726,0.1,0.0,0.5
200,0.1476413756608963,-27.30118406265447,475.614892993856,-23.189353082539583,165.51741523470102,0.15529757560065532,0.00037356100079995126,0.0004628723343856594,0.0003870913882199001,5.6028026935185656e-05,2.0976029155814393,0.0009042473799618757,0.0007840933294077562,0.0007284580292748426,63,45,116726,0.1,0.0,0.5
500,0.3877602219581604,-26.877304419201433,431.3874247283529,-23.192914383964887,165.65319848336173,0.1533975131742786,0.00037317764771784,0.00045687491257397306,0.00038809403498642995,0.00012575331373734685,12.711320607678104,0.0009072642655684285,0.0007835526700584107,0.0007276512975130964,63,45,116726,0.1,0.0,0.5
1000,0.5794933438301086,-26.679067821321965,412.1391026275094,-23.30043406554997,169.80551603707747,0.1528537935475536,0.00037372813229773547,0.00045546067626693815,0.0003894275461441406,0.00015329559900733285,15.48370292053057,0.0009059772487283314,0.000781807195515472,0.0007262230445633151,63,45,116726,0.1,0.0,0.5
