iteration,latent_norm,PSNR,RelMSE,MSE,FA_MAE,MD_MAE,AD_MAE,RD_MAE,mean_delta_D_fro,mean_relative_delta_D,mean_D_fro_error_vs_wls,tag,lambda_DTI,lambda_z,scale_dti,L_signal,L_DTI,L_z,L_total
0,0.0,-14.721499063347508,59.07720864650867,29.658549432176496,0.17340725400929372,0.00033228888092181474,0.0004450402273260078,0.00034840263590245715,0.0,0.0,0.0007727638114817885,6B_ldti0.01_lz0.001,0.01,0.001,2493.288522031229,1.9373054504394531,0.0007770081283524632,0.0,1.9566785049189148
10,0.02323237806558609,-14.438910427746865,55.35554149881159,27.79015971643111,0.1737095317208934,0.0003325378625630341,0.0004456857642747778,0.00034867507021916594,1.1901308984146415e-05,0.010581360836805425,0.0007731036440763069,6B_ldti0.01_lz0.001,0.01,0.001,2493.288522031229,3.2562968730926514,0.0007834249408915639,0.0004400715697556734,3.2758305072784424
50,0.061213020235300064,-13.978999111195836,49.79319247498893,24.997691905888868,0.17436803327445052,0.0003330814366685191,0.0004482408722910052,0.00034883415544350796,3.4178099239333145e-05,0.03806210893537915,0.0007749059394047676,6B_ldti0.01_lz0.001,0.01,0.001,2493.288522031229,4.234695911407471,0.0007733555976301432,0.003691299119964242,4.253981590270996
100,0.08228804171085358,-13.589507918255793,45.52194948616236,22.85339845968123,0.17464253763256093,0.00033354712079872704,0.00044873073080220336,0.000349444389908226,4.5653644526868154e-05,0.05282436629390088,0.0007753198519958834,6B_ldti0.01_lz0.001,0.01,0.001,2493.288522031229,2.1933908462524414,0.0007760509615764022,0.006745818071067333,2.2127466201782227
200,0.1941625475883484,-12.150788372419836,32.68503075453654,16.40887615604905,0.1765172223249275,0.00033583827663746156,0.00045578775229180706,0.0003510879992316429,0.00010269505446983755,0.21580303028668824,0.0007810036772648772,6B_ldti0.01_lz0.001,0.01,0.001,2493.288522031229,0.5804585218429565,0.000772663566749543,0.037624292075634,0.599760890007019
500,0.3170947730541229,-6.738352436501071,9.399511950029172,4.71883990789651,0.17874650496195457,0.00033946666253805146,0.0004635546399979043,0.0003542244905434809,0.0001593582615737736,0.4330087891083475,0.000788340995606195,6B_ldti0.01_lz0.001,0.01,0.001,2493.288522031229,0.29432442784309387,0.0007842574268579483,0.0999869853258133,0.3139782249927521
1000,0.40616297721862793,-0.6187816823176286,2.296932479760714,1.1531297272519463,0.1808223120173257,0.0003433037170822112,0.00047031294258424874,0.00035792187822955996,0.0001990527276115153,0.602075702240292,0.0007958660484611569,6B_ldti0.01_lz0.001,0.01,0.001,2493.288522031229,0.2603532075881958,0.0007970067672431469,0.16495713591575623,0.28038984537124634
0,0.0,-14.721499063347508,59.07720864650867,29.658549432176496,0.17340725400929372,0.00033228888092181474,0.0004450402273260078,0.00034840263590245715,0.0,0.0,0.0007727638114817885,6B_ldti0.01_lz0.01,0.01,0.01,2493.288522031229,1.9373054504394531,0.0007770081283524632,0.0,1.9566785049189148
10,0.023231519386172295,-14.43891664656931,55.3556207645045,27.790199510211576,0.17370952966346548,0.00033253786085120086,0.0004456857478159181,0.0003486750734716239,1.1901150711634003e-05,0.010581200421508709,0.0007731036340973676,6B_ldti0.01_lz0.01,0.01,0.01,2493.288522031229,3.2562973499298096,0.0007834249408915639,0.0004400413599796593,3.275834798812866
50,0.061211924999952316,-13.979009018705462,49.79330606775076,24.99774893289843,0.1743680273432063,0.00033308142907377043,0.00044824085060575356,0.0003488341515080171,3.417775501297132e-05,0.03806160510923965,0.0007749059232015255,6B_ldti0.01_lz0.01,0.01,0.01,2493.288522031229,4.234699249267578,0.0007733555976301432,0.0036911657080054283,4.2540178298950195
100,0.08228666335344315,-13.589522061123422,45.522097729343194,22.85347288225141,0.17464252951568862,0.00033354710589232844,0.0004487307001756246,0.000349444378171185,4.565321562816661e-05,0.05282366966165803,0.000775319825704261,6B_ldti0.01_lz0.01,0.01,0.01,2493.288522031229,2.1933951377868652,0.0007760509033687413,0.006745587103068829,2.2128117084503174
200,0.19416207075119019,-12.150824591549888,32.68530334107988,16.40901300275619,0.1765172097859109,0.00033583824443514317,0.0004557877129582394,0.0003510879649379606,0.00010269457879651518,0.21580172894622454,0.0007810036332164836,6B_ldti0.01_lz0.01,0.01,0.01,2493.288522031229,0.5804604291915894,0.000772663508541882,0.037624113261699677,0.6001014113426208
500,0.3170922100543976,-6.73846552291181,9.399756708125986,4.7189627838799835,0.17874646241434386,0.000339466555825504,0.0004635545558003692,0.0003542243597556195,0.00015935717449562026,0.433006515440034,0.000788340869644671,6B_ldti0.01_lz0.01,0.01,0.01,2493.288522031229,0.29432690143585205,0.0007842573104426265,0.09998536854982376,0.3148805797100067
1000,0.4061504304409027,-0.6191961803067978,2.2971517133381614,1.1532397891530226,0.18082211895921427,0.0003433032590086904,0.0004703125304612899,0.0003579213357886438,0.00019904909351627046,0.602066183655746,0.0007958653999729367,6B_ldti0.01_lz0.01,0.01,0.01,2493.288522031229,0.2603595554828644,0.0007970065344125032,0.16494697332382202,0.2818807065486908
0,0.0,-14.721499063347508,59.07720864650867,29.658549432176496,0.17340725400929372,0.00033228888092181474,0.0004450402273260078,0.00034840263590245715,0.0,0.0,0.0007727638114817885,6B_ldti0.01_lz0.1,0.01,0.1,2493.288522031229,1.9373054504394531,0.0007770081283524632,0.0,1.9566785049189148
10,0.02322298288345337,-14.43896437270608,55.356229090088696,27.790504908093823,0.1737094837055598,0.00033253783873783026,0.00044568556039533655,0.00034867509051208183,1.1899449177809708e-05,0.010579519787965683,0.000773103513461506,6B_ldti0.01_lz0.1,0.01,0.1,2493.288522031229,3.2563114166259766,0.0007834249408915639,0.0004397409502416849,3.275888442993164
50,0.06120101362466812,-13.979113777534582,49.794507177037715,24.99835192616735,0.17436796519956319,0.0003330813462298959,0.0004482406203171939,0.00034883410085180153,3.417443388451534e-05,0.038056695656551676,0.0007749057600625565,6B_ldti0.01_lz0.1,0.01,0.1,2493.288522031229,4.234755992889404,0.0007733554812148213,0.0036898364778608084,4.254406929016113
100,0.08227357268333435,-13.589622816656753,45.52315384601764,22.854003084833977,0.1746424540912684,0.0003335469868165322,0.00044873041504673623,0.0003494442915549836,4.5649248719519016e-05,0.05281694656625255,0.0007753196000951976,6B_ldti0.01_lz0.1,0.01,0.1,2493.288522031229,2.1934404373168945,0.0007760506123304367,0.006743383593857288,2.21346378326416
200,0.19415846467018127,-12.151162250589916,32.68784468518103,16.410288834525748,0.17651708998918933,0.00033583798127218906,0.0004557873418750214,0.0003510876939785978,0.00010269020421241245,0.2157890833674321,0.0007810032603083542,6B_ldti0.01_lz0.1,0.01,0.1,2493.288522031229,0.5804761052131653,0.0007726630428805947,0.03762272745370865,0.6035030484199524
500,0.3170599043369293,-6.740134523456749,9.403369743660175,4.720776637233009,0.17874589145758119,0.00033946525258170756,0.0004635532889391068,0.00035422281837777306,0.00015934300318091682,0.43297046046714266,0.0007883391829984647,6B_ldti0.01_lz0.1,0.01,0.1,2493.288522031229,0.2943577766418457,0.0007842557970434427,0.09996494650840759,0.3239080309867859
1000,0.4060022830963135,-0.6244774552945138,2.2999468834191625,1.1546430492581972,0.18081959619850257,0.0003432973448364365,0.0004703067752054649,0.0003579144611709595,0.00019900213749802313,0.6019294517652731,0.0007958566917257455,6B_ldti0.01_lz0.1,0.01,0.1,2493.288522031229,0.2604416012763977,0.0007970025180839002,0.16482692956924438,0.2967958450317383
0,0.0,-14.721499063347508,59.07720864650867,29.658549432176496,0.17340725400929372,0.00033228888092181474,0.0004450402273260078,0.00034840263590245715,0.0,0.0,0.0007727638114817885,6B_ldti0.1_lz0.001,0.1,0.001,2493.288522031229,1.9373054504394531,0.0007770081283524632,0.0,2.1310359952340696
10,0.023224202916026115,-14.439244106800505,55.35979476360639,27.79229498427898,0.17370913290812057,0.00033253744948165176,0.00044568278815967124,0.0003486753747103114,1.1895034828762025e-05,0.01057156845175408,0.0007731009899658286,6B_ldti0.1_lz0.001,0.1,0.001,2493.288522031229,3.2563729286193848,0.0007834222633391619,0.0004397400771267712,3.4517030715942383
50,0.061185117810964584,-13.979489743387559,49.79881804109462,25.000516110590684,0.17436761854179855,0.0003330807780700621,0.00044823697150892997,0.00034883453267142543,3.4163219979281594e-05,0.0380248841523767,0.0007749022723308965,6B_ldti0.1_lz0.001,0.1,0.001,2493.288522031229,4.235023498535156,0.0007733505335636437,0.0036878827959299088,4.4278459548950195
100,0.08226661384105682,-13.589879978293368,45.525849518157884,22.855356393957006,0.17464219747716622,0.00033354647156237367,0.00044872719616402236,0.0003494446793310132,4.564240094351157e-05,0.052786874044186395,0.0007753164166649084,6B_ldti0.1_lz0.001,0.1,0.001,2493.288522031229,2.1935296058654785,0.0007760464213788509,0.006742245517671108,2.3870270252227783
200,0.1941433548927307,-12.152121640056855,32.69506647576832,16.41391439230055,0.17651684168191994,0.00033583765507792167,0.00045578440281313125,0.0003510882455303977,0.0001026846353577702,0.21572319924835984,0.0007810004092211814,6B_ldti0.1_lz0.001,0.1,0.001,2493.288522031229,0.5804762840270996,0.0007726618787273765,0.03761684149503708,0.7731608152389526
500,0.31706082820892334,-6.741103803592031,9.405468668943026,4.721830361345609,0.178745791484025,0.00033946476711529906,0.00046355115119202026,0.00035422294347905526,0.00015933911903066837,0.4329064442389401,0.0007883368210727917,6B_ldti0.1_lz0.001,0.1,0.001,2493.288522031229,0.29436010122299194,0.0007842537597753108,0.09996551275253296,0.48999714851379395
1000,0.40611305832862854,-0.6224264149171183,2.2988609451028927,1.15409787530751,0.18082070521435697,0.0003432994325353607,0.0004703065156584155,0.0003579178783748115,0.00019902072282547737,0.601905174136152,0.0007958575817982686,6B_ldti0.1_lz0.001,0.1,0.001,2493.288522031229,0.26040807366371155,0.0007970021688379347,0.16491663455963135,0.45928865671157837
0,0.0,-14.721499063347508,59.07720864650867,29.658549432176496,0.17340725400929372,0.00033228888092181474,0.0004450402273260078,0.00034840263590245715,0.0,0.0,0.0007727638114817885,6B_ldti0.1_lz0.01,0.1,0.01,2493.288522031229,1.9373054504394531,0.0007770081283524632,0.0,2.1310359952340696
10,0.02322334796190262,-14.439248226142723,55.35984727314945,27.79232134566121,0.17370912876496689,0.0003325374459088937,0.00044568276736223287,0.0003486753754021437,1.1894864183516385e-05,0.010571402423989322,0.0007731009750456886,6B_ldti0.1_lz0.01,0.1,0.01,2493.288522031229,3.2563748359680176,0.0007834222633391619,0.00043971004197373986,3.4517087936401367
50,0.06118402257561684,-13.979500528997184,49.79894171553685,25.000578198909384,0.17436761568473758,0.00033308076980958736,0.0004482369480045995,0.00034883452984722254,3.416289788936373e-05,0.03802438879501289,0.0007749022537546055,6B_ldti0.1_lz0.01,0.1,0.01,2493.288522031229,4.235026836395264,0.0007733505335636437,0.0036877498496323824,4.427882194519043
100,0.08226530998945236,-13.589890414073022,45.525958913585356,22.855411313777488,0.17464219017965213,0.00033354646563400205,0.0004487271705403897,0.00034944467722150237,4.564200851119828e-05,0.052786185077546746,0.0007753164028277643,6B_ldti0.1_lz0.01,0.1,0.01,2493.288522031229,2.1935346126556396,0.0007760463049635291,0.006742025725543499,2.3870928287506104
200,0.19414301216602325,-12.152155775935785,32.6953234625051,16.41404340743195,0.17651682937750698,0.00033583762982671716,0.0004557843644008748,0.000351088219760004,0.00010268420640968532,0.21572189831600025,0.0007810003712371225,6B_ldti0.1_lz0.01,0.1,0.01,2493.288522031229,0.580477774143219,0.0007726617623120546,0.03761671110987663,0.7735008001327515
500,0.31705835461616516,-6.741228775890256,9.405739323993119,4.721966238384592,0.17874574860422196,0.000339464675668227,0.0004635510675428851,0.00035422283156858337,0.00015933807953181735,0.4329040208380194,0.0007883367111061779,6B_ldti0.1_lz0.01,0.1,0.01,2493.288522031229,0.2943623960018158,0.0007842537015676498,0.09996394068002701,0.49089908599853516
1000,0.40609505772590637,-0.623061385218554,2.2991970799614565,1.1542666251951061,0.1808204056698787,0.00034329875855540427,0.00047030567659402936,0.0003579171542627044,0.0001990151648160005,0.6018832799182098,0.000795856435347416,6B_ldti0.1_lz0.01,0.1,0.01,2493.288522031229,0.260417103767395,0.0007970016449689865,0.16490203142166138,0.46078163385391235
0,0.0,-14.721499063347508,59.07720864650867,29.658549432176496,0.17340725400929372,0.00033228888092181474,0.0004450402273260078,0.00034840263590245715,0.0,0.0,0.0007727638114817885,6B_ldti0.1_lz0.1,0.1,0.1,2493.288522031229,1.9373054504394531,0.0007770081283524632,0.0,2.1310359952340696
10,0.02321481518447399,-14.439297563185443,55.36047617975034,27.792637075837675,0.17370908418829856,0.00033253743260044065,0.0004456825899406798,0.00034867540033785434,1.1893171552700735e-05,0.010569730852801664,0.0007731008713382219,6B_ldti0.1_lz0.1,0.1,0.1,2493.288522031229,3.2563889026641846,0.0007834222633391619,0.00043940971954725683,3.4517624378204346
50,0.06117318570613861,-13.979608831983672,49.800183601304745,25.001201663207716,0.17436755272660753,0.00033308068241012296,0.00044823671182590255,0.00034883447526420767,3.41595961610445e-05,0.0380194970187026,0.0007749020783375064,6B_ldti0.1_lz0.1,0.1,0.1,2493.288522031229,4.235081672668457,0.0007733504171483219,0.0036864299327135086,4.428268909454346
100,0.08225226402282715,-13.589991466298539,45.52701823005877,22.855943122756123,0.17464211467773633,0.00033354634260698265,0.0004487268840578026,0.00034944458593237594,4.563808450236033e-05,0.05277946252342518,0.0007753161684861138,6B_ldti0.1_lz0.1,0.1,0.1,2493.288522031229,2.1935791969299316,0.0007760460721328855,0.006739831529557705,2.3877439498901367
200,0.19413945078849792,-12.152486696981288,32.69781485562571,16.41529416229521,0.17651671085331178,0.0003358373671388286,0.00045578399801663545,0.0003510879479777723,0.00010267986569723422,0.21570944730923106,0.0007810000002010418,6B_ldti0.1_lz0.1,0.1,0.1,2493.288522031229,0.5804938673973083,0.0007726612966507673,0.0376153364777565,0.7769021391868591
500,0.3170332908630371,-6.742403221115478,9.408283224472557,4.7232433535335385,0.1787453260110722,0.00033946368213839826,0.00046355026090726727,0.00035422160429189446,0.00015932750254640191,0.43288129247332474,0.0007883355539282223,6B_ldti0.1_lz0.1,0.1,0.1,2493.288522031229,0.294386088848114,0.0007842526538297534,0.09994811564683914,0.4999177157878876
1000,0.4059554636478424,-0.6278748762056148,2.301746801470818,1.155546662677516,0.18081807363737484,0.00034329327439370757,0.0004703005538499872,0.0003579106993193727,0.00019897174044253995,0.6017641163258607,0.0007958485415005195,6B_ldti0.1_lz0.1,0.1,0.1,2493.288522031229,0.26049351692199707,0.000796997919678688,0.16478896141052246,0.4756869971752167
0,0.0,-14.721499063347508,59.07720864650867,29.658549432176496,0.17340725400929372,0.00033228888092181474,0.0004450402273260078,0.00034840263590245715,0.0,0.0,0.0007727638114817885,6B_ldti1_lz0.001,1.0,0.001,2493.288522031229,1.9373054504394531,0.0007770081283524632,0.0,3.874610898385618
10,0.02314974181354046,-14.442535414197021,55.40176517069241,27.81336540080284,0.1737052995846873,0.00033253334619719784,0.00044565426992674363,0.00034867833282523026,1.1837845983091606e-05,0.010480641565604944,0.0007730755118272746,6B_ldti1_lz0.001,1.0,0.001,2493.288522031229,3.25710391998291,0.0007833956624381244,0.00043674890184774995,5.210335731506348
50,0.06090722605586052,-13.984405499714967,49.85521697330363,25.02883008406989,0.17436351113812323,0.0003330745288265736,0.0004481979801065201,0.0003488387396221598,3.4014520594732724e-05,0.03765369710049911,0.0007748660373199801,6B_ldti1_lz0.001,1.0,0.001,2493.288522031229,4.238289833068848,0.0007733000675216317,0.003654021769762039,6.166353702545166
100,0.08202347904443741,-13.594112108628824,45.57023535424212,22.87763942905214,0.1746381699281674,0.00033353971973947927,0.0004486897323218783,0.0003494475400447853,4.55128703218047e-05,0.05238092411752334,0.0007752809549966573,6B_ldti1_lz0.001,1.0,0.001,2493.288522031229,2.19513201713562,0.0007759995060041547,0.006701780017465353,4.129929542541504
200,0.1939491182565689,-12.165720675919863,32.797604787289494,16.465391732727035,0.17651298657913664,0.00033583154203495027,0.00045575097467583293,0.0003510907675429541,0.00010257859854441582,0.21491692194423864,0.0007809679443757447,6B_ldti1_lz0.001,1.0,0.001,2493.288522031229,0.5806573629379272,0.000772644707467407,0.03754149749875069,2.5071208477020264
500,0.31670236587524414,-6.7688221949738665,9.465690063613001,4.752063326843034,0.17874032677935903,0.0003394502913516424,0.00046351099934131335,0.0003542161828880325,0.00015918227362827922,0.43166833474299177,0.0007882921840386508,6B_ldti1_lz0.001,1.0,0.001,2493.288522031229,0.294575035572052,0.0007842158665880561,0.09973911941051483,2.249951124191284
1000,0.40549615025520325,-0.6624363459244607,2.3201373489836343,1.1647792749655694,0.18080367557204857,0.00034325723170474195,0.0004702254930907867,0.0003578838866082611,0.00019868183207214434,0.5996394469025613,0.0007957592855537363,6B_ldti1_lz0.001,1.0,0.001,2493.288522031229,0.26094362139701843,0.0007969491416588426,0.1644163280725479,2.2481322288513184
0,0.0,-14.721499063347508,59.07720864650867,29.658549432176496,0.17340725400929372,0.00033228888092181474,0.0004450402273260078,0.00034840263590245715,0.0,0.0,0.0007727638114817885,6B_ldti1_lz0.01,1.0,0.01,2493.288522031229,1.9373054504394531,0.0007770081283524632,0.0,3.874610898385618
10,0.023148976266384125,-14.442537430646638,55.40179089399737,27.813378314681636,0.17370529567988285,0.0003325333457265763,0.00044565425384111433,0.0003486783362752181,1.1837730323980044e-05,0.010480519415547751,0.0007730755019859662,6B_ldti1_lz0.01,1.0,0.01,2493.288522031229,3.2571072578430176,0.0007833956042304635,0.00043672206811606884,5.210342884063721
50,0.06090627238154411,-13.984417255912904,49.855351929794345,25.028897836318905,0.1743635059372685,0.0003330745194478617,0.0004481979595368039,0.0003488387330790044,3.401425669024035e-05,0.037653312056611224,0.0007748660193014025,6B_ldti1_lz0.01,1.0,0.01,2493.288522031229,4.238296031951904,0.0007733000675216317,0.003653906285762787,6.166392803192139
100,0.08202230930328369,-13.594119239508009,45.57031017815148,22.87767699292263,0.17463816014099368,0.0003335397099640091,0.00044868970360591957,0.00034944753339539905,4.551253760142381e-05,0.05238035220740034,0.0007752809345713018,6B_ldti1_lz0.01,1.0,0.01,2493.288522031229,2.1951348781585693,0.0007759994477964938,0.006701583508402109,4.129992961883545
200,0.1939488649368286,-12.165748908614484,32.79781799924788,16.46549877159282,0.17651297539657296,0.00033583151834555347,0.0004557509381261027,0.00035109074420662187,0.00010257821418555726,0.214915725515148,0.0007809679066907309,6B_ldti1_lz0.01,1.0,0.01,2493.288522031229,0.5806587338447571,0.0007726446492597461,0.03754139691591263,2.507460355758667
500,0.3166998028755188,-6.768956685925785,9.465983198670473,4.752210489527114,0.17874028398581857,0.0003394501859900022,0.0004635109021398274,0.00035421605790957023,0.00015918119482063905,0.43166573363790317,0.0007882920474180289,6B_ldti1_lz0.01,1.0,0.01,2493.288522031229,0.294577419757843,0.0007842157501727343,0.0997375100851059,2.2508509159088135
1000,0.40548351407051086,-0.6628406332410801,2.320353342002896,1.164887710008212,0.1808034791162067,0.00034325677438695875,0.00047022506276080903,0.0003578833459399697,0.00019867815037474904,0.5996293231561268,0.0007957586248914926,6B_ldti1_lz0.01,1.0,0.01,2493.288522031229,0.26095008850097656,0.0007969487924128771,0.16440610587596893,2.249617576599121
0,0.0,-14.721499063347508,59.07720864650867,29.658549432176496,0.17340725400929372,0.00033228888092181474,0.0004450402273260078,0.00034840263590245715,0.0,0.0,0.0007727638114817885,6B_ldti1_lz0.1,1.0,0.1,2493.288522031229,1.9373054504394531,0.0007770081283524632,0.0,3.874610898385618
10,0.02314048260450363,-14.44258781510013,55.40243363878578,27.813700992047675,0.17370525173490695,0.00033253331700329404,0.00044565406410567804,0.0003486783490064943,1.1836032080341858e-05,0.010478850897853652,0.000773075374313452,6B_ldti1_lz0.1,1.0,0.1,2493.288522031229,3.2571213245391846,0.0007833956042304635,0.00043642407399602234,5.210396766662598
50,0.060895536094903946,-13.984519321916606,49.85652362239959,25.02948606152196,0.17436344441721893,0.00033307443524940573,0.0004481977358957582,0.00034883867750070335,3.401096199961623e-05,0.037648522592506894,0.0007748658579152236,6B_ldti1_lz0.1,1.0,0.1,2493.288522031229,4.23834753036499,0.0007732999511063099,0.0036526047624647617,6.166772842407227
100,0.08200928568840027,-13.594221846308535,45.571386839071074,22.878217509338977,0.17463808448636386,0.00033353958298740547,0.00044868942196407246,0.0003494474358106525,4.550857008448512e-05,0.052373714011012026,0.000775280702720684,6B_ldti1_lz0.1,1.0,0.1,2493.288522031229,2.1951777935028076,0.0007759992149658501,0.0066993990913033485,4.1306376457214355
200,0.1939454972743988,-12.166073154247359,32.800266786118655,16.46672813682723,0.1765128616049654,0.0003358312648813697,0.0004557505830656932,0.00035109048187854653,0.0001025739708546536,0.21490355454403498,0.0007809675503537993,6B_ldti1_lz0.1,1.0,0.1,2493.288522031229,0.5806741118431091,0.0007726441835984588,0.03754010796546936,2.510852813720703
500,0.3166748285293579,-6.770140086871141,9.468562918258186,4.7535055869541285,0.17873986647581636,0.00033944918896637957,0.00046351010608767753,0.0003542148203168547,0.00015917061139911922,0.4316434186154524,0.0007882909017046583,6B_ldti1_lz0.1,1.0,0.1,2493.288522031229,0.29460135102272034,0.0007842147024348378,0.0997217670083046,2.2598469257354736
1000,0.4053610563278198,-0.6668091186305194,2.3224745977786894,1.1659526447051287,0.18080158365436122,0.00034325234655131526,0.0004702209871346483,0.000357878081774623,0.00019864264826278632,0.5995354113624152,0.0007957522952868637,6B_ldti1_lz0.1,1.0,0.1,2493.288522031229,0.2610121965408325,0.0007969458820298314,0.16430708765983582,2.2644588947296143
